User_Id,Movie_Name,Rating,Genre
1,Pulp Fiction (1994),5.0,Comedy|Crime|Drama|Thriller
1,Three Colors: Red (Trois couleurs: Rouge) (1994),3.5,Drama
1,Three Colors: Blue (Trois couleurs: Bleu) (1993),5.0,Drama
1,Underground (1995),5.0,Comedy|Drama|War
1,Singin' in the Rain (1952),3.5,Comedy|Musical|Romance
1,Dirty Dancing (1987),4.0,Drama|Musical|Romance
1,Delicatessen (1991),3.5,Comedy|Drama|Romance
1,Ran (1985),3.5,Drama|War
1,"Seventh Seal, The (Sjunde inseglet, Det) (1957)",5.0,Drama
1,"Bridge on the River Kwai, The (1957)",4.0,Adventure|Drama|War
1,M (1931),3.5,Crime|Film-Noir|Thriller
1,Gattaca (1997),4.0,Drama|Sci-Fi|Thriller
1,Back to the Future Part II (1989),2.5,Adventure|Comedy|Sci-Fi
1,Back to the Future Part III (1990),2.5,Adventure|Comedy|Sci-Fi|Western
1,Fanny and Alexander (Fanny och Alexander) (1982),2.5,Drama|Fantasy|Mystery
1,"NeverEnding Story, The (1984)",3.5,Adventure|Children|Fantasy
1,"Nights of Cabiria (Notti di Cabiria, Le) (1957)",4.5,Drama
1,Tango (1998),4.0,Drama|Musical
1,"Saragossa Manuscript, The (Rekopis znaleziony w Saragossie) (1965)",5.0,Adventure|Drama|Mystery
1,Run Lola Run (Lola rennt) (1998),5.0,Action|Crime
1,"Black Cat, White Cat (Crna macka, beli macor) (1998)",4.5,Comedy|Romance
1,"Good Morning, Vietnam (1987)",4.0,Comedy|Drama|War
1,"Idiots, The (Idioterne) (1998)",5.0,Comedy|Drama
1,Requiem for a Dream (2000),5.0,Drama
1,In the Mood For Love (Fa yeung nin wa) (2000),5.0,Drama|Romance
1,Moulin Rouge (2001),3.0,Drama|Musical|Romance
1,"Night, The (Notte, La) (1960)",5.0,Drama
1,Cries and Whispers (Viskningar och rop) (1972),3.0,Drama
1,Chocolat (1988),4.0,Drama
1,"Amelie (Fabuleux destin d'Amélie Poulain, Le) (2001)",4.5,Comedy|Romance
1,Wild Strawberries (Smultronstället) (1957),4.0,Drama
1,"Piano Teacher, The (La pianiste) (2001)",0.5,Drama
1,Naqoyqatsi (2002),2.0,Documentary
1,Teddy Bear (Mis) (1981),5.0,Comedy|Crime
1,Talk to Her (Hable con Ella) (2002),4.0,Drama|Romance
1,Hit the Bank (Vabank) (1981),3.0,Comedy|Crime
1,"Lord of the Rings: The Two Towers, The (2002)",4.0,Adventure|Fantasy
1,City of God (Cidade de Deus) (2002),5.0,Action|Adventure|Crime|Drama|Thriller
1,"Spanish Apartment, The (L'auberge espagnole) (2002)",4.5,Comedy|Drama|Romance
1,Finding Nemo (2003),4.0,Adventure|Animation|Children|Comedy
1,Pirates of the Caribbean: The Curse of the Black Pearl (2003),3.5,Action|Adventure|Comedy|Fantasy
1,Lost in Translation (2003),5.0,Comedy|Drama|Romance
1,"Barbarian Invasions, The (Les invasions barbares) (2003)",3.5,Comedy|Crime|Drama|Mystery|Romance
1,"M. Hulot’s Holiday (Mr. Hulot's Holiday) (Vacances de Monsieur Hulot, Les) (1953)",4.0,Comedy
1,"Strada, La (1954)",4.5,Drama
1,"Passion of the Christ, The (2004)",2.0,Drama
1,"Good bye, Lenin! (2003)",3.5,Comedy|Drama
1,Persona (1966),3.5,Drama
1,Eternal Sunshine of the Spotless Mind (2004),5.0,Drama|Romance|Sci-Fi
1,Noi the Albino (Nói albinói) (2003),4.0,Drama
1,"Virgin Spring, The (Jungfrukällan) (1960)",2.5,Crime|Drama
1,"Silence, The (Tystnaden) (1963)",3.0,Drama
1,Winter Light (Nattvardsgästerna) (1963),2.5,Drama
1,Through a Glass Darkly (Såsom i en spegel) (1961),2.5,Drama
1,The Magician (1958),4.5,Drama
1,"Spring, Summer, Fall, Winter... and Spring (Bom yeoreum gaeul gyeoul geurigo bom) (2003)",3.5,Drama
1,"Dolce Vita, La (1960)",5.0,Drama
1,Dolls (2002),5.0,Drama|Romance
1,Shrek 2 (2004),4.0,Adventure|Animation|Children|Comedy|Musical|Romance
1,Hour of the Wolf (Vargtimmen) (1968),3.5,Drama|Horror
1,"Miracle of Marcelino, The (Marcelino pan y vino) (1955)",1.0,Comedy|Drama
1,Swann in Love (Un amour de Swann) (1984),3.5,Drama
1,Port of Shadows (Quai des brumes) (1938),4.0,Drama
1,"Motorcycle Diaries, The (Diarios de motocicleta) (2004)",3.0,Adventure|Drama
1,Bad Education (La mala educación) (2004),4.0,Drama|Thriller
1,Taxi 2 (2000),3.0,Action|Comedy
1,2046 (2004),4.5,Drama|Fantasy|Romance|Sci-Fi
1,"Very Long Engagement, A (Un long dimanche de fiançailles) (2004)",3.0,Drama|Mystery|Romance|War
1,5x2 (2004),3.5,Drama|Romance
1,Look at Me (Comme une image) (2004),5.0,Comedy|Drama|Romance
2,Toy Story (1995),3.5,Adventure|Animation|Children|Comedy|Fantasy
2,Mr. Holland's Opus (1995),0.5,Drama
2,Braveheart (1995),5.0,Action|Drama|War
2,Apollo 13 (1995),4.0,Adventure|Drama|IMAX
2,Rob Roy (1995),4.5,Action|Drama|Romance|War
2,French Kiss (1995),4.0,Action|Comedy|Romance
2,Star Wars: Episode IV - A New Hope (1977),5.0,Action|Adventure|Sci-Fi
2,Little Women (1994),0.5,Drama
2,Legends of the Fall (1994),1.0,Drama|Romance|War|Western
2,"Shawshank Redemption, The (1994)",5.0,Crime|Drama
2,Tommy Boy (1995),5.0,Comedy
2,Clear and Present Danger (1994),4.5,Action|Crime|Drama|Thriller
2,Forrest Gump (1994),4.5,Comedy|Drama|Romance|War
2,"Lion King, The (1994)",4.5,Adventure|Animation|Children|Drama|Musical|IMAX
2,True Lies (1994),1.0,Action|Adventure|Comedy|Romance|Thriller
2,"Fugitive, The (1993)",5.0,Thriller
2,Jurassic Park (1993),2.0,Action|Adventure|Sci-Fi|Thriller
2,Much Ado About Nothing (1993),4.0,Comedy|Romance
2,Rudy (1993),3.5,Drama
2,Schindler's List (1993),5.0,Drama|War
2,Shadowlands (1993),4.5,Drama|Romance
2,Tombstone (1993),2.0,Action|Drama|Western
2,Aladdin (1992),2.0,Adventure|Animation|Children|Comedy|Musical
2,Terminator 2: Judgment Day (1991),4.0,Action|Sci-Fi
2,Dragonheart (1996),3.0,Action|Adventure|Fantasy
2,"Rock, The (1996)",4.5,Action|Adventure|Thriller
2,"Godfather, The (1972)",3.5,Crime|Drama
2,My Fair Lady (1964),4.0,Comedy|Drama|Musical|Romance
2,It's a Wonderful Life (1946),4.5,Children|Drama|Fantasy|Romance
2,"Sound of Music, The (1965)",1.0,Musical|Romance
2,Monty Python's Life of Brian (1979),1.0,Comedy
2,Monty Python and the Holy Grail (1975),5.0,Adventure|Comedy|Fantasy
2,Star Wars: Episode V - The Empire Strikes Back (1980),5.0,Action|Adventure|Sci-Fi
2,"Princess Bride, The (1987)",5.0,Action|Adventure|Comedy|Fantasy|Romance
2,Raiders of the Lost Ark (Indiana Jones and the Raiders of the Lost Ark) (1981),4.0,Action|Adventure
2,"Good, the Bad and the Ugly, The (Buono, il brutto, il cattivo, Il) (1966)",2.5,Action|Adventure|Western
2,Star Wars: Episode VI - Return of the Jedi (1983),5.0,Action|Adventure|Sci-Fi
2,Dead Poets Society (1989),4.0,Drama
2,Better Off Dead... (1985),5.0,Comedy|Romance
2,Back to the Future (1985),4.0,Adventure|Comedy|Sci-Fi
2,Fried Green Tomatoes (1991),1.5,Comedy|Crime|Drama
2,Highlander (1986),4.5,Action|Adventure|Fantasy
2,High Noon (1952),4.0,Drama|Western
2,Ben-Hur (1959),5.0,Action|Adventure|Drama
2,Indiana Jones and the Last Crusade (1989),5.0,Action|Adventure
2,Gandhi (1982),5.0,Drama
2,"Killing Fields, The (1984)",1.0,Drama|War
2,Field of Dreams (1989),3.0,Children|Drama|Fantasy
2,Star Trek: First Contact (1996),5.0,Action|Adventure|Sci-Fi|Thriller
2,Star Trek II: The Wrath of Khan (1982),4.5,Action|Adventure|Sci-Fi|Thriller
2,Star Trek IV: The Voyage Home (1986),5.0,Adventure|Comedy|Sci-Fi
2,Jerry Maguire (1996),4.0,Drama|Romance
2,Beverly Hills Ninja (1997),3.0,Action|Comedy
2,Rosewood (1997),3.0,Action|Drama
2,Liar Liar (1997),3.0,Comedy
2,"Devil's Own, The (1997)",5.0,Action|Drama|Thriller
2,"Fifth Element, The (1997)",3.0,Action|Adventure|Comedy|Sci-Fi
2,Men in Black (a.k.a. MIB) (1997),4.5,Action|Comedy|Sci-Fi
2,Contact (1997),5.0,Drama|Sci-Fi
2,Conan the Barbarian (1982),1.0,Action|Adventure|Fantasy
2,"Hunt for Red October, The (1990)",5.0,Action|Adventure|Thriller
2,Gattaca (1997),4.5,Drama|Sci-Fi|Thriller
2,"Rainmaker, The (1997)",4.5,Drama
2,Witness (1985),4.0,Drama|Romance|Thriller
2,"Truman Show, The (1998)",4.5,Comedy|Drama|Sci-Fi
2,Amistad (1997),4.0,Drama|Mystery
2,Tomorrow Never Dies (1997),0.5,Action|Adventure|Thriller
2,"Misérables, Les (1998)",4.0,Crime|Drama|Romance|War
2,Mulan (1998),4.0,Adventure|Animation|Children|Comedy|Drama|Musical|Romance
2,There's Something About Mary (1998),0.5,Comedy|Romance
2,Chariots of Fire (1981),3.5,Drama
2,"Breakfast Club, The (1985)",1.0,Comedy|Drama
2,Saving Private Ryan (1998),4.0,Action|Drama|War
2,"Little Mermaid, The (1989)",1.5,Animation|Children|Comedy|Musical|Romance
2,"Muppet Christmas Carol, The (1992)",4.5,Children|Comedy|Musical
2,Indiana Jones and the Temple of Doom (1984),3.5,Action|Adventure|Fantasy
2,Watership Down (1978),4.5,Adventure|Animation|Children|Drama|Fantasy
2,"Secret of NIMH, The (1982)",4.0,Adventure|Animation|Children|Drama
2,"Gods Must Be Crazy, The (1980)",5.0,Adventure|Comedy
2,"Untouchables, The (1987)",5.0,Action|Crime|Drama
2,"Few Good Men, A (1992)",4.5,Crime|Drama|Thriller
2,Rush Hour (1998),2.0,Action|Comedy|Crime|Thriller
2,Antz (1998),4.5,Adventure|Animation|Children|Comedy|Fantasy
2,Life Is Beautiful (La Vita è bella) (1997),1.5,Comedy|Drama|Romance|War
2,"Bug's Life, A (1998)",4.5,Adventure|Animation|Children|Comedy
2,Waking Ned Devine (a.k.a. Waking Ned) (1998),5.0,Comedy
2,Romancing the Stone (1984),2.5,Action|Adventure|Comedy|Romance
2,Crocodile Dundee (1986),5.0,Adventure|Comedy
2,Blast from the Past (1999),4.0,Comedy|Romance
2,October Sky (1999),4.5,Drama
2,"Matrix, The (1999)",5.0,Action|Sci-Fi|Thriller
2,"Mummy, The (1999)",4.0,Action|Adventure|Comedy|Fantasy|Horror|Thriller
2,Superman (1978),5.0,Action|Adventure|Sci-Fi
2,Superman IV: The Quest for Peace (1987),0.5,Action|Adventure|Sci-Fi
2,Big Daddy (1999),4.0,Comedy
2,Inspector Gadget (1999),0.5,Action|Adventure|Children|Comedy
2,"Mission, The (1986)",5.0,Drama
2,"Iron Giant, The (1999)",0.5,Adventure|Animation|Children|Drama|Sci-Fi
2,"Sixth Sense, The (1999)",4.0,Drama|Horror|Mystery
2,Big (1988),1.0,Comedy|Drama|Fantasy|Romance
2,Ferris Bueller's Day Off (1986),4.5,Comedy
2,Who Framed Roger Rabbit? (1988),0.5,Adventure|Animation|Children|Comedy|Crime|Fantasy|Mystery
2,"Natural, The (1984)",3.0,Drama
2,Awakenings (1990),4.0,Drama|Mystery
2,Backdraft (1991),3.0,Action|Drama
2,Toy Story 2 (1999),4.5,Adventure|Animation|Children|Comedy|Fantasy
2,"Cider House Rules, The (1999)",2.0,Drama
2,Galaxy Quest (1999),3.5,Adventure|Comedy|Sci-Fi
2,Hoosiers (a.k.a. Best Shot) (1986),5.0,Drama|Romance
2,"Muppet Movie, The (1979)",4.5,Adventure|Children|Comedy|Musical
2,Ladyhawke (1985),2.0,Adventure|Fantasy|Romance
2,Frequency (2000),4.0,Drama|Thriller
2,Gladiator (2000),5.0,Action|Adventure|Drama
2,X-Men (2000),5.0,Action|Adventure|Sci-Fi
2,Highlander: Endgame (Highlander IV) (2000),2.5,Action|Adventure|Fantasy
2,Remember the Titans (2000),3.0,Drama
2,Meet the Parents (2000),3.0,Comedy
2,Unbreakable (2000),3.0,Drama|Sci-Fi
2,"Emperor's New Groove, The (2000)",5.0,Adventure|Animation|Children|Comedy|Fantasy
2,Finding Forrester (2000),3.5,Drama
2,Cast Away (2000),5.0,Drama
2,"Family Man, The (2000)",3.0,Comedy|Drama|Romance
2,Empire of the Sun (1987),4.5,Action|Adventure|Drama|War
2,"Knight's Tale, A (2001)",4.5,Action|Comedy|Romance
2,Shrek (2001),4.5,Adventure|Animation|Children|Comedy|Fantasy|Romance
2,"Man from Snowy River, The (1982)",3.0,Drama|Romance|Western
2,Bill & Ted's Excellent Adventure (1989),1.5,Adventure|Comedy|Sci-Fi
2,"Others, The (2001)",4.0,Drama|Horror|Mystery|Thriller
2,Fiddler on the Roof (1971),1.0,Drama|Musical
2,K-PAX (2001),4.5,Drama|Fantasy|Mystery|Sci-Fi
2,"Monsters, Inc. (2001)",5.0,Adventure|Animation|Children|Comedy|Fantasy
2,Harry Potter and the Sorcerer's Stone (a.k.a. Harry Potter and the Philosopher's Stone) (2001),5.0,Adventure|Children|Fantasy
2,Ocean's Eleven (2001),4.0,Crime|Thriller
2,"Lord of the Rings: The Fellowship of the Ring, The (2001)",5.0,Adventure|Fantasy
2,"Beautiful Mind, A (2001)",5.0,Drama|Romance
2,Black Hawk Down (2001),2.0,Action|Drama|War
2,"Sandlot, The (1993)",5.0,Children|Comedy|Drama
2,Spider-Man (2002),5.0,Action|Adventure|Sci-Fi|Thriller
2,"Bourne Identity, The (2002)",5.0,Action|Mystery|Thriller
2,Minority Report (2002),3.5,Action|Crime|Mystery|Sci-Fi|Thriller
2,"Transporter, The (2002)",3.0,Action|Crime
2,Harry Potter and the Chamber of Secrets (2002),5.0,Adventure|Fantasy
2,"Lord of the Rings: The Two Towers, The (2002)",5.0,Adventure|Fantasy
2,Antwone Fisher (2002),4.0,Drama
2,Shanghai Knights (2003),2.0,Action|Adventure|Comedy
2,Daredevil (2003),3.5,Action|Crime
2,Tears of the Sun (2003),2.5,Action|Drama|Thriller
2,Anger Management (2003),2.0,Comedy
2,"Other Side of Heaven, The (2001)",5.0,Adventure|Drama
2,X2: X-Men United (2003),5.0,Action|Adventure|Sci-Fi|Thriller
2,Pirates of the Caribbean: The Curse of the Black Pearl (2003),5.0,Action|Adventure|Comedy|Fantasy
2,Seabiscuit (2003),3.0,Drama
2,Secondhand Lions (2003),3.0,Children|Comedy|Drama
2,Runaway Jury (2003),5.0,Drama|Thriller
2,Master and Commander: The Far Side of the World (2003),4.0,Adventure|Drama|War
2,Kindergarten Cop (1990),2.0,Action|Comedy|Crime|Thriller
2,"Last Boy Scout, The (1991)",0.5,Action|Comedy|Crime|Drama|Thriller
2,"Court Jester, The (1956)",5.0,Adventure|Comedy|Musical
2,Hero (Ying xiong) (2002),2.0,Action|Adventure|Drama
2,"Last Samurai, The (2003)",5.0,Action|Adventure|Drama|War
2,"Lord of the Rings: The Return of the King, The (2003)",5.0,Action|Adventure|Drama|Fantasy
2,Cold Mountain (2003),0.5,Drama|Romance|War
2,"Ten Commandments, The (1956)",4.0,Adventure|Drama
2,School Ties (1992),3.5,Drama
2,"Power of One, The (1992)",5.0,Drama
2,Shrek 2 (2004),4.0,Adventure|Animation|Children|Comedy|Musical|Romance
2,Harry Potter and the Prisoner of Azkaban (2004),5.0,Adventure|Fantasy|IMAX
2,Spider-Man 2 (2004),5.0,Action|Adventure|Sci-Fi|IMAX
2,"Bourne Supremacy, The (2004)",4.0,Action|Crime|Thriller
2,Ray (2004),2.5,Drama
2,"Incredibles, The (2004)",4.5,Action|Adventure|Animation|Children|Comedy
2,Finding Neverland (2004),5.0,Drama
2,"Interpreter, The (2005)",4.5,Drama|Thriller
2,Hotel Rwanda (2004),5.0,Drama|War
2,"Love Song for Bobby Long, A (2004)",0.5,Drama
2,"Three Musketeers, The (1973)",3.5,Action|Adventure|Comedy
2,Crash (2004),0.5,Crime|Drama
2,Star Wars: Episode III - Revenge of the Sith (2005),4.5,Action|Adventure|Sci-Fi
2,Cinderella Man (2005),5.0,Drama|Romance
2,Batman Begins (2005),5.0,Action|Crime|IMAX
2,Wedding Crashers (2005),0.5,Comedy|Romance
2,"40-Year-Old Virgin, The (2005)",0.5,Comedy|Romance
2,Proof (2005),3.5,Drama
2,Harry Potter and the Goblet of Fire (2005),5.0,Adventure|Fantasy|Thriller|IMAX
3,Toy Story (1995),4.0,Adventure|Animation|Children|Comedy|Fantasy
3,"City of Lost Children, The (Cité des enfants perdus, La) (1995)",4.5,Adventure|Drama|Fantasy|Mystery|Sci-Fi
3,Twelve Monkeys (a.k.a. 12 Monkeys) (1995),4.5,Mystery|Sci-Fi|Thriller
3,"Usual Suspects, The (1995)",5.0,Crime|Mystery|Thriller
3,Taxi Driver (1976),4.0,Crime|Drama|Thriller
3,Johnny Mnemonic (1995),4.0,Action|Sci-Fi|Thriller
3,Judge Dredd (1995),3.0,Action|Crime|Sci-Fi
3,Before the Rain (Pred dozhdot) (1994),5.0,Drama|War
3,Star Wars: Episode IV - A New Hope (1977),4.0,Action|Adventure|Sci-Fi
3,Léon: The Professional (a.k.a. The Professional) (Léon) (1994),5.0,Action|Crime|Drama|Thriller
3,Pulp Fiction (1994),5.0,Comedy|Crime|Drama|Thriller
3,"Shawshank Redemption, The (1994)",4.0,Crime|Drama
3,Forrest Gump (1994),4.0,Comedy|Drama|Romance|War
3,Demolition Man (1993),3.5,Action|Adventure|Sci-Fi
3,Jurassic Park (1993),2.0,Action|Adventure|Sci-Fi|Thriller
3,Schindler's List (1993),4.0,Drama|War
3,Blade Runner (1982),5.0,Action|Sci-Fi|Thriller
3,Terminator 2: Judgment Day (1991),4.0,Action|Sci-Fi
3,"Silence of the Lambs, The (1991)",4.0,Crime|Horror|Thriller
3,Ghost in the Shell (Kôkaku kidôtai) (1995),5.0,Animation|Sci-Fi
3,Wallace & Gromit: A Close Shave (1995),5.0,Animation|Children|Comedy
3,Trainspotting (1996),5.0,Comedy|Crime|Drama
3,Independence Day (a.k.a. ID4) (1996),3.5,Action|Adventure|Sci-Fi|Thriller
3,"Godfather, The (1972)",5.0,Crime|Drama
3,Casablanca (1942),4.5,Drama|Romance
3,"Maltese Falcon, The (1941)",4.0,Film-Noir|Mystery
3,2001: A Space Odyssey (1968),5.0,Adventure|Drama|Sci-Fi
3,Reservoir Dogs (1992),4.0,Crime|Mystery|Thriller
3,"Abyss, The (1989)",3.5,Action|Adventure|Sci-Fi|Thriller
3,Wallace & Gromit: The Wrong Trousers (1993),5.0,Animation|Children|Comedy|Crime
3,Star Wars: Episode V - The Empire Strikes Back (1980),4.0,Action|Adventure|Sci-Fi
3,Raiders of the Lost Ark (Indiana Jones and the Raiders of the Lost Ark) (1981),3.0,Action|Adventure
3,Aliens (1986),4.0,Action|Adventure|Horror|Sci-Fi
3,"Good, the Bad and the Ugly, The (Buono, il brutto, il cattivo, Il) (1966)",4.0,Action|Adventure|Western
3,"Clockwork Orange, A (1971)",4.0,Crime|Drama|Sci-Fi|Thriller
3,Apocalypse Now (1979),4.0,Action|Drama|War
3,Star Wars: Episode VI - Return of the Jedi (1983),4.0,Action|Adventure|Sci-Fi
3,Goodfellas (1990),5.0,Crime|Drama
3,Alien (1979),4.0,Horror|Sci-Fi
3,Ran (1985),5.0,Drama|War
3,"Godfather: Part II, The (1974)",5.0,Crime|Drama
3,Full Metal Jacket (1987),4.0,Drama|War
3,"Terminator, The (1984)",4.0,Action|Sci-Fi|Thriller
3,Chinatown (1974),5.0,Crime|Film-Noir|Mystery|Thriller
3,Back to the Future (1985),3.5,Adventure|Comedy|Sci-Fi
3,Akira (1988),4.5,Action|Adventure|Animation|Sci-Fi
3,Alien³ (a.k.a. Alien 3) (1992),3.5,Action|Horror|Sci-Fi|Thriller
3,Star Trek: First Contact (1996),4.0,Action|Adventure|Sci-Fi|Thriller
3,"Fifth Element, The (1997)",4.5,Action|Adventure|Comedy|Sci-Fi
3,Contact (1997),4.0,Drama|Sci-Fi
3,Gattaca (1997),5.0,Drama|Sci-Fi|Thriller
3,Starship Troopers (1997),3.5,Action|Sci-Fi
3,"Truman Show, The (1998)",4.0,Comedy|Drama|Sci-Fi
3,"Big Lebowski, The (1998)",4.5,Comedy|Crime
3,Dark City (1998),4.5,Adventure|Film-Noir|Sci-Fi|Thriller
3,Godzilla (1998),2.0,Action|Sci-Fi|Thriller
3,"X-Files: Fight the Future, The (1998)",4.0,Action|Crime|Mystery|Sci-Fi|Thriller
3,"Last Emperor, The (1987)",4.0,Drama
3,Seven Samurai (Shichinin no samurai) (1954),5.0,Action|Adventure|Drama
3,Dune (1984),4.0,Adventure|Sci-Fi
3,Tron (1982),3.0,Action|Adventure|Sci-Fi
3,American History X (1998),5.0,Crime|Drama
3,"Lock, Stock & Two Smoking Barrels (1998)",4.5,Comedy|Crime|Thriller
3,"Matrix, The (1999)",4.0,Action|Sci-Fi|Thriller
3,Star Wars: Episode I - The Phantom Menace (1999),4.0,Action|Adventure|Sci-Fi
3,Superman II (1980),3.0,Action|Sci-Fi
3,American Beauty (1999),5.0,Drama|Romance
3,Man Facing Southeast (1986),4.0,Drama|Sci-Fi
3,Fight Club (1999),5.0,Action|Crime|Drama|Thriller
3,Kagemusha (1980),4.0,Drama|War
3,Bicentennial Man (1999),4.5,Drama|Romance|Sci-Fi
3,"Beach, The (2000)",3.0,Adventure|Drama
3,Pitch Black (2000),4.5,Horror|Sci-Fi|Thriller
3,"Whole Nine Yards, The (2000)",4.0,Comedy|Crime
3,Ghost Dog: The Way of the Samurai (1999),3.5,Crime|Drama
3,Erin Brockovich (2000),3.5,Drama
3,Romeo Must Die (2000),3.0,Action|Crime|Romance|Thriller
3,Close Encounters of the Third Kind (1977),4.0,Adventure|Drama|Sci-Fi
3,"Skulls, The (2000)",3.0,Thriller
3,Predator (1987),4.0,Action|Sci-Fi|Thriller
3,28 Days (2000),3.0,Drama
3,American Psycho (2000),4.0,Crime|Horror|Mystery|Thriller
3,Gladiator (2000),4.5,Action|Adventure|Drama
3,Big Momma's House (2000),2.0,Comedy
3,Mad Max (1979),4.5,Action|Adventure|Sci-Fi
3,"Conversation, The (1974)",4.0,Drama|Mystery
3,Shaft (2000),4.0,Action|Crime|Thriller
3,Titan A.E. (2000),3.5,Action|Adventure|Animation|Children|Sci-Fi
3,Chicken Run (2000),4.0,Animation|Children|Comedy
3,"Patriot, The (2000)",3.0,Action|Drama|War
3,"Perfect Storm, The (2000)",3.0,Drama|Thriller
3,Scary Movie (2000),3.0,Comedy|Horror
3,X-Men (2000),4.0,Action|Adventure|Sci-Fi
3,What Lies Beneath (2000),3.0,Drama|Horror|Mystery
3,Coyote Ugly (2000),2.0,Comedy|Drama|Romance
3,Space Cowboys (2000),2.5,Action|Adventure|Comedy|Sci-Fi
3,"Cell, The (2000)",3.0,Drama|Horror|Thriller
3,"Art of War, The (2000)",3.5,Action|Thriller
3,Meet the Parents (2000),3.0,Comedy
3,Bedazzled (2000),3.0,Comedy
3,Pay It Forward (2000),4.0,Drama
3,Charlie's Angels (2000),2.5,Action|Comedy
3,Little Nicky (2000),2.5,Comedy
3,Men of Honor (2000),4.0,Drama
3,"6th Day, The (2000)",3.5,Action|Sci-Fi|Thriller
3,How the Grinch Stole Christmas (a.k.a. The Grinch) (2000),3.0,Children|Comedy|Fantasy
3,102 Dalmatians (2000),2.0,Children|Comedy
3,Quills (2000),4.5,Drama|Romance
3,Unbreakable (2000),4.0,Drama|Sci-Fi
3,"Crouching Tiger, Hidden Dragon (Wo hu cang long) (2000)",4.0,Action|Drama|Romance
3,Vertical Limit (2000),3.0,Action|Adventure
3,Snatch (2000),4.0,Comedy|Crime|Thriller
3,What Women Want (2000),3.0,Comedy|Romance
3,Finding Forrester (2000),4.0,Drama
3,Cast Away (2000),4.0,Drama
3,"Family Man, The (2000)",4.0,Comedy|Drama|Romance
3,Miss Congeniality (2000),2.5,Comedy|Crime
3,"O Brother, Where Art Thou? (2000)",4.5,Adventure|Comedy|Crime
3,Traffic (2000),4.0,Crime|Drama|Thriller
3,"Wedding Planner, The (2001)",3.0,Comedy|Romance
3,Hannibal (2001),3.5,Horror|Thriller
3,15 Minutes (2001),3.5,Thriller
3,Memento (2000),4.0,Mystery|Thriller
3,Spy Kids (2001),3.5,Action|Adventure|Children|Comedy
3,"Tailor of Panama, The (2001)",3.5,Drama|Thriller
3,Bridget Jones's Diary (2001),3.0,Comedy|Drama|Romance
3,Scarface (1983),4.5,Action|Crime|Drama
3,Shrek (2001),4.0,Adventure|Animation|Children|Comedy|Fantasy|Romance
3,Moulin Rouge (2001),3.0,Drama|Musical|Romance
3,"Animal, The (2001)",2.0,Comedy
3,Evolution (2001),3.0,Comedy|Sci-Fi
3,Swordfish (2001),4.0,Action|Crime|Drama
3,Atlantis: The Lost Empire (2001),3.5,Adventure|Animation|Children|Fantasy
3,Lara Croft: Tomb Raider (2001),3.0,Action|Adventure
3,Dr. Dolittle 2 (2001),2.0,Comedy
3,"Fast and the Furious, The (2001)",4.0,Action|Crime|Thriller
3,"Crimson Rivers, The (Rivières pourpres, Les) (2000)",4.0,Crime|Drama|Mystery|Thriller
3,Scary Movie 2 (2001),3.0,Comedy
3,Legally Blonde (2001),2.5,Comedy|Romance
3,"Score, The (2001)",4.0,Action|Drama
3,Bill & Ted's Excellent Adventure (1989),3.0,Adventure|Comedy|Sci-Fi
3,Planet of the Apes (2001),4.0,Action|Adventure|Drama|Sci-Fi
3,Rush Hour 2 (2001),3.0,Action|Comedy
3,American Pie 2 (2001),2.5,Comedy
3,Training Day (2001),4.0,Crime|Drama|Thriller
3,Zoolander (2001),3.5,Comedy
3,Bandits (2001),4.0,Comedy|Crime|Romance
3,"Last Castle, The (2001)",4.0,Action
3,K-PAX (2001),3.5,Drama|Fantasy|Mystery|Sci-Fi
3,"Monsters, Inc. (2001)",4.0,Adventure|Animation|Children|Comedy|Fantasy
3,"One, The (2001)",3.0,Action|Sci-Fi|Thriller
3,Spy Game (2001),4.0,Action|Crime|Drama|Thriller
3,Behind Enemy Lines (2001),3.5,Action|Drama|War
3,Ocean's Eleven (2001),4.0,Crime|Thriller
3,Vanilla Sky (2001),3.5,Mystery|Romance|Sci-Fi|Thriller
3,"Royal Tenenbaums, The (2001)",4.0,Comedy|Drama
3,Kate & Leopold (2001),3.5,Comedy|Romance
3,"Lord of the Rings: The Fellowship of the Ring, The (2001)",4.0,Adventure|Fantasy
3,"Beautiful Mind, A (2001)",4.0,Drama|Romance
3,"Party, The (1968)",4.0,Comedy
3,Gosford Park (2001),4.0,Comedy|Drama|Mystery
3,I Am Sam (2001),4.0,Drama
3,John Q (2002),3.5,Crime|Drama|Thriller
3,Ice Age (2002),4.0,Adventure|Animation|Children|Comedy
3,Resident Evil (2002),3.5,Action|Horror|Sci-Fi|Thriller
3,And Your Mother Too (Y tu mamá también) (2001),4.0,Drama|Romance
3,Blade II (2002),3.0,Action|Horror|Thriller
3,Panic Room (2002),3.5,Thriller
3,Rashomon (Rashômon) (1950),5.0,Crime|Drama|Mystery
3,Changing Lanes (2002),3.5,Drama|Thriller
3,The Scorpion King (2002),2.5,Action|Adventure|Fantasy|Thriller
3,Spider-Man (2002),4.0,Action|Adventure|Sci-Fi|Thriller
3,Unfaithful (2002),3.5,Drama|Thriller
3,About a Boy (2002),3.0,Comedy|Drama|Romance
3,Star Wars: Episode II - Attack of the Clones (2002),3.5,Action|Adventure|Sci-Fi|IMAX
3,Insomnia (2002),3.5,Action|Crime|Drama|Mystery|Thriller
3,"Sum of All Fears, The (2002)",4.0,Drama|Thriller
3,"Bourne Identity, The (2002)",5.0,Action|Mystery|Thriller
3,Minority Report (2002),3.5,Action|Crime|Mystery|Sci-Fi|Thriller
3,Mr. Deeds (2002),2.5,Comedy|Romance
3,Men in Black II (a.k.a. MIIB) (a.k.a. MIB 2) (2002),3.5,Action|Comedy|Sci-Fi
3,K-19: The Widowmaker (2002),3.5,Action|Adventure|Drama|Thriller
3,Signs (2002),3.0,Horror|Sci-Fi|Thriller
3,xXx (2002),3.5,Action|Crime|Thriller
3,One Hour Photo (2002),3.5,Drama|Thriller
3,"Transporter, The (2002)",4.0,Action|Crime
3,Red Dragon (2002),3.0,Crime|Mystery|Thriller
3,Bowling for Columbine (2002),3.5,Documentary
3,"Ring, The (2002)",3.0,Horror|Mystery|Thriller
3,"Professional, The (Le professionnel) (1981)",4.0,Action|Drama|Thriller
3,Jackass: The Movie (2002),2.0,Action|Comedy|Documentary
3,8 Mile (2002),3.5,Drama
3,Harry Potter and the Chamber of Secrets (2002),3.5,Adventure|Fantasy
3,Scanners (1981),3.0,Horror|Sci-Fi|Thriller
3,Die Another Day (2002),4.0,Action|Adventure|Thriller
3,Analyze That (2002),3.0,Comedy|Crime
3,Equilibrium (2002),4.0,Action|Sci-Fi|Thriller
3,Star Trek: Nemesis (2002),3.5,Action|Drama|Sci-Fi|Thriller
3,About Schmidt (2002),4.0,Comedy|Drama
3,"Lord of the Rings: The Two Towers, The (2002)",4.0,Adventure|Fantasy
3,25th Hour (2002),4.5,Crime|Drama
3,Gangs of New York (2002),4.0,Crime|Drama
3,Narc (2002),4.0,Crime|Drama|Thriller
3,Catch Me If You Can (2002),4.0,Crime|Drama
3,Chicago (2002),4.0,Comedy|Crime|Drama|Musical
3,City of God (Cidade de Deus) (2002),4.0,Action|Adventure|Crime|Drama|Thriller
3,"Recruit, The (2003)",3.5,Action|Thriller
3,How to Lose a Guy in 10 Days (2003),3.0,Comedy|Romance
3,Shanghai Knights (2003),3.0,Action|Adventure|Comedy
3,Tears of the Sun (2003),3.0,Action|Drama|Thriller
3,Phone Booth (2002),2.5,Drama|Thriller
3,Cowboy Bebop: The Movie (Cowboy Bebop: Tengoku no Tobira) (2001),4.5,Action|Animation|Sci-Fi|Thriller
3,Anger Management (2003),3.0,Comedy
3,Identity (2003),4.0,Crime|Horror|Mystery|Thriller
3,X2: X-Men United (2003),4.0,Action|Adventure|Sci-Fi|Thriller
3,"Matrix Reloaded, The (2003)",4.0,Action|Adventure|Sci-Fi|Thriller|IMAX
3,Bruce Almighty (2003),3.0,Comedy|Drama|Fantasy|Romance
3,Finding Nemo (2003),4.0,Adventure|Animation|Children|Comedy
3,"Italian Job, The (2003)",3.0,Action|Crime
3,"2 Fast 2 Furious (Fast and the Furious 2, The) (2003)",4.0,Action|Crime|Thriller
3,Barton Fink (1991),4.0,Drama|Thriller
3,Dumb and Dumberer: When Harry Met Lloyd (2003),2.0,Comedy
3,28 Days Later (2002),3.0,Action|Horror|Sci-Fi
3,Hulk (2003),3.5,Action|Adventure|Sci-Fi
3,"Legally Blonde 2: Red, White & Blonde (2003)",2.0,Comedy
3,Terminator 3: Rise of the Machines (2003),3.5,Action|Adventure|Sci-Fi
3,Pirates of the Caribbean: The Curse of the Black Pearl (2003),4.0,Action|Adventure|Comedy|Fantasy
3,"League of Extraordinary Gentlemen, The (a.k.a. LXG) (2003)",3.5,Action|Fantasy|Sci-Fi
3,Bad Boys II (2003),3.0,Action|Comedy|Crime|Thriller
3,Johnny English (2003),3.0,Action|Comedy|Thriller
3,Lara Croft Tomb Raider: The Cradle of Life (2003),3.5,Action|Adventure|Comedy|Romance|Thriller
3,American Wedding (American Pie 3) (2003),3.5,Comedy
3,S.W.A.T. (2003),3.0,Action|Thriller
3,Matchstick Men (2003),4.0,Comedy|Crime|Drama
3,Lost in Translation (2003),4.0,Comedy|Drama|Romance
3,Underworld (2003),4.0,Action|Fantasy|Horror
3,School of Rock (2003),3.0,Comedy|Musical
3,Mystic River (2003),4.5,Crime|Drama|Mystery
3,Intolerable Cruelty (2003),3.5,Comedy|Romance
3,Kill Bill: Vol. 1 (2003),4.5,Action|Crime|Thriller
3,Runaway Jury (2003),4.0,Drama|Thriller
3,"Matrix Revolutions, The (2003)",4.0,Action|Adventure|Sci-Fi|Thriller|IMAX
3,Gothika (2003),3.5,Horror|Thriller
3,Hero (Ying xiong) (2002),4.0,Action|Adventure|Drama
3,"Last Samurai, The (2003)",2.5,Action|Adventure|Drama|War
3,Big Fish (2003),4.5,Drama|Fantasy|Romance
3,Something's Gotta Give (2003),4.0,Comedy|Drama|Romance
3,"Lord of the Rings: The Return of the King, The (2003)",4.0,Action|Adventure|Drama|Fantasy
3,Mona Lisa Smile (2003),4.0,Drama|Romance
3,Paycheck (2003),3.5,Action|Sci-Fi|Thriller
3,50 First Dates (2004),3.0,Comedy|Romance
3,Starsky & Hutch (2004),2.0,Action|Comedy|Crime|Thriller
3,"Girl Next Door, The (2004)",3.0,Comedy|Romance
3,Secret Window (2004),4.0,Mystery|Thriller
3,Eternal Sunshine of the Spotless Mind (2004),4.5,Drama|Romance|Sci-Fi
3,Hellboy (2004),4.0,Action|Adventure|Fantasy|Horror
3,Kill Bill: Vol. 2 (2004),4.0,Action|Drama|Thriller
3,"Punisher, The (2004)",3.5,Action|Crime|Thriller
3,Man on Fire (2004),3.5,Action|Crime|Drama|Mystery|Thriller
3,Van Helsing (2004),3.5,Action|Adventure|Fantasy|Horror
3,Troy (2004),4.0,Action|Adventure|Drama|War
3,Shrek 2 (2004),3.5,Adventure|Animation|Children|Comedy|Musical|Romance
3,"Day After Tomorrow, The (2004)",2.5,Action|Adventure|Drama|Sci-Fi|Thriller
3,Harry Potter and the Prisoner of Azkaban (2004),4.0,Adventure|Fantasy|IMAX
3,"Blind Swordsman: Zatoichi, The (Zatôichi) (2003)",4.0,Action|Comedy|Crime|Drama
3,"Chronicles of Riddick, The (2004)",4.5,Action|Sci-Fi|Thriller
3,Dodgeball: A True Underdog Story (2004),3.0,Comedy
3,"Terminal, The (2004)",3.5,Comedy|Drama|Romance
3,Anchorman: The Legend of Ron Burgundy (2004),4.0,Comedy
3,"I, Robot (2004)",4.0,Action|Adventure|Sci-Fi|Thriller
3,"Bourne Supremacy, The (2004)",4.0,Action|Crime|Thriller
3,Catwoman (2004),3.0,Action|Crime|Fantasy
3,"Manchurian Candidate, The (2004)",3.5,Thriller
3,"Village, The (2004)",4.0,Drama|Mystery|Thriller
3,Collateral (2004),3.5,Action|Crime|Drama|Thriller
3,AVP: Alien vs. Predator (2004),3.0,Action|Horror|Sci-Fi|Thriller
3,Resident Evil: Apocalypse (2004),3.5,Action|Horror|Sci-Fi|Thriller
3,Sky Captain and the World of Tomorrow (2004),4.0,Action|Adventure|Sci-Fi
3,Shaun of the Dead (2004),4.0,Comedy|Horror
3,Ray (2004),4.0,Drama
3,"Incredibles, The (2004)",4.0,Action|Adventure|Animation|Children|Comedy
3,"Polar Express, The (2004)",4.0,Adventure|Animation|Children|Fantasy|IMAX
3,Bridget Jones: The Edge of Reason (2004),3.0,Comedy|Drama|Romance
3,House of Flying Daggers (Shi mian mai fu) (2004),4.0,Action|Drama|Romance
3,Ocean's Twelve (2004),4.0,Action|Comedy|Crime|Thriller
3,Blade: Trinity (2004),3.5,Action|Fantasy|Horror|Thriller
3,Dark Portals: The Chronicles of Vidocq  (Vidocq) (2001),4.5,Action|Crime|Fantasy
3,"Animatrix, The (2003)",4.0,Action|Animation|Drama|Sci-Fi
3,Lemony Snicket's A Series of Unfortunate Events (2004),3.5,Adventure|Children|Comedy|Fantasy
3,Ghost in the Shell 2: Innocence (a.k.a. Innocence) (Inosensu) (2004),5.0,Action|Animation|Drama|Sci-Fi|Thriller
3,Old Boy (2003),5.0,Mystery|Thriller
3,Starship Troopers 2: Hero of the Federation (2004),3.0,Action|Horror|Sci-Fi|War
3,"Sea Inside, The (Mar adentro) (2004)",4.0,Drama
3,Spanglish (2004),3.0,Comedy|Drama|Romance
3,Million Dollar Baby (2004),4.0,Drama
3,Charlie and the Chocolate Factory (2005),3.5,Adventure|Children|Comedy|Fantasy|IMAX
3,Meet the Fockers (2004),3.5,Comedy
3,Appleseed (Appurushîdo) (2004),4.0,Action|Animation|Fantasy|Sci-Fi
3,Elektra (2005),3.0,Action|Adventure|Crime|Drama
3,Hitch (2005),3.0,Comedy|Romance
3,Constantine (2005),4.0,Action|Fantasy|Horror|Thriller
3,Night Watch (Nochnoy dozor) (2004),4.5,Action|Fantasy|Horror|Mystery|Sci-Fi|Thriller
3,Kung Fu Hustle (Gong fu) (2004),4.0,Action|Comedy
3,Sin City (2005),4.0,Action|Crime|Film-Noir|Mystery|Thriller
3,"Hitchhiker's Guide to the Galaxy, The (2005)",4.0,Adventure|Comedy|Sci-Fi
3,Crash (2004),4.0,Crime|Drama
3,Star Wars: Episode III - Revenge of the Sith (2005),4.0,Action|Adventure|Sci-Fi
3,Madagascar (2005),4.0,Adventure|Animation|Children|Comedy
3,Mr. & Mrs. Smith (2005),3.0,Action|Adventure|Comedy|Romance
3,Batman Begins (2005),4.0,Action|Crime|IMAX
3,War of the Worlds (2005),3.0,Action|Adventure|Sci-Fi|Thriller
3,Fantastic Four (2005),3.5,Action|Adventure|Sci-Fi
3,Wedding Crashers (2005),3.0,Comedy|Romance
3,"Island, The (2005)",3.5,Action|Sci-Fi|Thriller
3,Serenity (2005),4.0,Action|Adventure|Sci-Fi
3,Broken Flowers (2005),4.0,Comedy|Drama
3,"40-Year-Old Virgin, The (2005)",3.0,Comedy|Romance
3,Transporter 2 (2005),4.0,Action|Crime|Thriller
3,Lord of War (2005),4.0,Action|Crime|Drama|Thriller|War
3,Aeon Flux (2005),4.0,Action|Sci-Fi
3,Flightplan (2005),3.0,Action|Drama|Thriller
3,Corpse Bride (2005),4.0,Animation|Comedy|Fantasy|Musical|Romance
3,Capote (2005),4.5,Crime|Drama
3,"Legend of Zorro, The (2005)",3.0,Action|Adventure|Drama|Western
3,Syriana (2005),4.0,Drama|Thriller
3,Harry Potter and the Goblet of Fire (2005),4.0,Adventure|Fantasy|Thriller|IMAX
3,Walk the Line (2005),4.0,Drama|Musical|Romance
3,"Chronicles of Narnia: The Lion, the Witch and the Wardrobe, The (2005)",4.0,Adventure|Children|Fantasy
3,King Kong (2005),3.0,Action|Adventure|Drama|Fantasy|Thriller
3,Underworld: Evolution (2006),4.0,Action|Fantasy|Horror
3,Ultraviolet (2006),2.5,Action|Fantasy|Sci-Fi|Thriller
3,Ice Age 2: The Meltdown (2006),4.0,Adventure|Animation|Children|Comedy
3,V for Vendetta (2006),4.0,Action|Sci-Fi|Thriller|IMAX
3,Mission: Impossible III (2006),3.5,Action|Adventure|Thriller
3,"Da Vinci Code, The (2006)",3.5,Drama|Mystery|Thriller
3,X-Men: The Last Stand (2006),4.0,Action|Sci-Fi|Thriller
3,"Break-Up, The (2006)",3.0,Comedy|Drama|Romance
3,Cars (2006),4.0,Animation|Children|Comedy
3,Nacho Libre (2006),3.0,Comedy
3,Click (2006),3.0,Adventure|Comedy|Drama|Fantasy|Romance
3,Pirates of the Caribbean: Dead Man's Chest (2006),4.0,Action|Adventure|Fantasy
3,"Fast and the Furious: Tokyo Drift, The (Fast and the Furious 3, The) (2006)",3.5,Action|Crime|Drama|Thriller
3,Little Miss Sunshine (2006),4.0,Adventure|Comedy|Drama
3,Snakes on a Plane (2006),3.0,Action|Comedy|Horror|Thriller
3,Talladega Nights: The Ballad of Ricky Bobby (2006),3.5,Action|Comedy
3,Night at the Museum (2006),3.0,Action|Comedy|Fantasy|IMAX
3,Crank (2006),4.0,Action|Thriller
3,"Illusionist, The (2006)",4.0,Drama|Fantasy|Mystery|Romance
3,Borat: Cultural Learnings of America for Make Benefit Glorious Nation of Kazakhstan (2006),3.5,Comedy
3,"Pan's Labyrinth (Laberinto del fauno, El) (2006)",4.5,Drama|Fantasy|Thriller
3,"Departed, The (2006)",5.0,Crime|Drama|Thriller
3,"Last King of Scotland, The (2006)",4.0,Drama|Thriller
3,Children of Men (2006),4.0,Action|Adventure|Drama|Sci-Fi|Thriller
3,"Prestige, The (2006)",4.0,Drama|Mystery|Sci-Fi|Thriller
3,Casino Royale (2006),4.0,Action|Adventure|Thriller
3,Happy Feet (2006),4.0,Adventure|Animation|Children|Comedy|IMAX
3,Déjà Vu (Deja Vu) (2006),3.5,Action|Sci-Fi|Thriller
3,Blood Diamond (2006),3.5,Action|Adventure|Crime|Drama|Thriller|War
3,"Good Shepherd, The (2006)",4.0,Drama|Thriller
3,Letters from Iwo Jima (2006),4.0,Drama|War
3,Ratatouille (2007),4.0,Animation|Children|Drama
3,Hot Fuzz (2007),4.0,Action|Comedy|Crime|Mystery
3,300 (2007),4.0,Action|Fantasy|War|IMAX
3,Shooter (2007),4.0,Action|Drama|Thriller
3,Fracture (2007),4.0,Crime|Drama|Mystery|Thriller
3,Spider-Man 3 (2007),3.5,Action|Adventure|Sci-Fi|Thriller|IMAX
3,Day Watch (Dnevnoy dozor) (2006),4.5,Action|Fantasy|Horror|Thriller
3,Shrek the Third (2007),3.5,Adventure|Animation|Children|Comedy|Fantasy
3,Pirates of the Caribbean: At World's End (2007),4.0,Action|Adventure|Comedy|Fantasy
3,Mr. Brooks (2007),4.0,Crime|Drama|Thriller
3,Fantastic Four: Rise of the Silver Surfer (2007),3.5,Action|Adventure|Sci-Fi
3,Live Free or Die Hard (2007),4.0,Action|Adventure|Crime|Thriller
3,Transformers (2007),4.0,Action|Sci-Fi|Thriller|IMAX
3,Harry Potter and the Order of the Phoenix (2007),4.0,Adventure|Drama|Fantasy|IMAX
3,"Bourne Ultimatum, The (2007)",4.0,Action|Crime|Thriller
3,Superbad (2007),3.5,Comedy
3,Rush Hour 3 (2007),3.0,Action|Comedy|Crime|Thriller
3,3:10 to Yuma (2007),4.0,Action|Crime|Drama|Western
3,Resident Evil: Extinction (2007),4.0,Action|Horror|Sci-Fi|Thriller
3,American Gangster (2007),4.0,Crime|Drama|Thriller
3,Before the Devil Knows You're Dead (2007),4.0,Crime|Drama|Thriller
3,No Country for Old Men (2007),5.0,Crime|Drama
3,"Mist, The (2007)",3.0,Horror|Sci-Fi
3,Hitman (2007),3.0,Action|Crime|Thriller
3,"Golden Compass, The (2007)",4.5,Adventure|Children|Fantasy
3,I Am Legend (2007),3.5,Action|Horror|Sci-Fi|Thriller|IMAX
3,"Bucket List, The (2007)",4.0,Comedy|Drama
3,There Will Be Blood (2007),4.5,Drama|Western
3,27 Dresses (2008),3.0,Comedy|Romance
3,Cloverfield (2008),2.5,Action|Mystery|Sci-Fi|Thriller
3,Rambo (Rambo 4) (2008),3.0,Action|Drama|Thriller|War
3,Hellboy II: The Golden Army (2008),4.0,Action|Adventure|Fantasy|Sci-Fi
3,In Bruges (2008),3.0,Comedy|Crime|Drama|Thriller
3,Jumper (2008),3.0,Action|Adventure|Drama|Sci-Fi|Thriller
3,"Dark Knight, The (2008)",5.0,Action|Crime|Drama|IMAX
3,Iron Man (2008),4.0,Action|Adventure|Sci-Fi
3,Taken (2008),3.0,Action|Crime|Drama|Thriller
3,"Chronicles of Narnia: Prince Caspian, The (2008)",3.5,Adventure|Children|Fantasy
3,Indiana Jones and the Kingdom of the Crystal Skull (2008),3.0,Action|Adventure|Comedy|Sci-Fi
3,Kung Fu Panda (2008),4.0,Action|Animation|Children|Comedy|IMAX
3,You Don't Mess with the Zohan (2008),3.0,Comedy
3,"Incredible Hulk, The (2008)",3.0,Action|Sci-Fi
3,WALL·E (2008),4.0,Adventure|Animation|Children|Romance|Sci-Fi
3,Wanted (2008),3.5,Action|Thriller
3,Hancock (2008),4.0,Action|Adventure|Comedy|Crime|Fantasy
3,Get Smart (2008),3.0,Action|Comedy
3,Watchmen (2009),4.5,Action|Drama|Mystery|Sci-Fi|Thriller|IMAX
3,Step Brothers (2008),3.5,Comedy
3,"X-Files: I Want to Believe, The (2008)",3.0,Drama|Mystery|Sci-Fi|Thriller
3,Tropic Thunder (2008),3.0,Action|Adventure|Comedy|War
3,Star Wars: The Clone Wars (2008),4.0,Action|Adventure|Animation|Sci-Fi
3,Death Race (2008),2.5,Action|Adventure|Sci-Fi|Thriller
3,Burn After Reading (2008),4.0,Comedy|Crime|Drama
3,Babylon A.D. (2008),3.0,Action|Adventure|Sci-Fi|Thriller
3,RocknRolla (2008),4.0,Action|Crime
3,Madagascar: Escape 2 Africa (2008),3.5,Action|Adventure|Animation|Children|Comedy|IMAX
3,Changeling (2008),4.0,Crime|Drama|Mystery
3,"Road, The (2009)",4.0,Adventure|Drama|Thriller
3,Quantum of Solace (2008),4.0,Action|Adventure|Thriller
3,Bolt (2008),4.0,Action|Adventure|Animation|Children|Comedy
3,Milk (2008),4.0,Drama
3,Transporter 3 (2008),3.5,Action|Adventure|Crime|Thriller
3,Gran Torino (2008),4.0,Crime|Drama
3,"Wrestler, The (2008)",3.5,Drama
3,"Curious Case of Benjamin Button, The (2008)",4.0,Drama|Fantasy|Mystery|Romance
3,Ip Man (2008),4.0,Action|Drama|War
3,Underworld: Rise of the Lycans (2009),4.0,Action|Fantasy|Horror|Thriller
3,Coraline (2009),4.0,Animation|Fantasy|Thriller
3,"Girl with the Dragon Tattoo, The (Män som hatar kvinnor) (2009)",4.5,Crime|Drama|Mystery|Thriller
3,"Fast & Furious (Fast and the Furious 4, The) (2009)",3.5,Action|Crime|Drama|Thriller
3,Inglourious Basterds (2009),4.0,Action|Drama|War
3,X-Men Origins: Wolverine (2009),4.0,Action|Sci-Fi|Thriller
3,Star Trek (2009),4.0,Action|Adventure|Sci-Fi|IMAX
3,Angels & Demons (2009),4.0,Crime|Drama|Mystery|Thriller
3,Terminator Salvation (2009),3.5,Action|Adventure|Sci-Fi|Thriller
3,Night at the Museum: Battle of the Smithsonian (2009),3.0,Action|Comedy|IMAX
3,Drag Me to Hell (2009),2.5,Comedy|Horror
3,"Hangover, The (2009)",4.0,Comedy|Crime
3,"Hurt Locker, The (2008)",3.5,Action|Drama|Thriller|War
3,Transformers: Revenge of the Fallen (2009),4.0,Action|Adventure|Sci-Fi|IMAX
3,Public Enemies (2009),4.0,Crime|Drama|Thriller
3,Harry Potter and the Half-Blood Prince (2009),3.5,Adventure|Fantasy|Mystery|Romance|IMAX
3,District 9 (2009),4.0,Mystery|Sci-Fi|Thriller
3,Julie & Julia (2009),4.0,Comedy|Drama|Romance
3,Race to Witch Mountain (2009),3.0,Adventure|Children|Fantasy|Sci-Fi|Thriller
3,G.I. Joe: The Rise of Cobra (2009),3.0,Action|Adventure|Sci-Fi|Thriller
3,9 (2009),4.5,Adventure|Animation|Sci-Fi
3,"Men Who Stare at Goats, The (2009)",4.0,Action|Comedy|Drama
3,"Serious Man, A (2009)",4.0,Comedy|Drama
3,Surrogates (2009),3.5,Action|Sci-Fi|Thriller
3,Zombieland (2009),4.0,Action|Comedy|Horror
3,Up in the Air (2009),4.0,Drama|Romance
3,Astro Boy (2009),3.0,Action|Animation|Children|Sci-Fi
3,2012 (2009),2.5,Action|Drama|Sci-Fi|Thriller
3,"Blind Side, The  (2009)",4.0,Drama
3,Planet 51 (2009),3.0,Adventure|Animation|Children|Comedy|Sci-Fi
3,Avatar (2009),4.0,Action|Adventure|Sci-Fi|IMAX
3,Sherlock Holmes (2009),3.0,Action|Crime|Mystery|Thriller
3,Daybreakers (2010),4.0,Action|Drama|Horror|Thriller
3,"Book of Eli, The (2010)",4.0,Action|Adventure|Drama
3,"Girl Who Kicked the Hornet's Nest, The (Luftslottet som sprängdes) (2009)",4.0,Action|Crime|Mystery
3,Shutter Island (2010),4.0,Drama|Mystery|Thriller
3,Alice in Wonderland (2010),4.0,Adventure|Fantasy|IMAX
3,Hot Tub Time Machine (2010),2.0,Comedy|Sci-Fi
3,How to Train Your Dragon (2010),4.0,Adventure|Animation|Children|Fantasy|IMAX
3,Kick-Ass (2010),4.0,Action|Comedy
3,Iron Man 2 (2010),4.0,Action|Adventure|Sci-Fi|Thriller|IMAX
3,"A-Team, The (2010)",3.0,Action|Comedy|Thriller
3,Toy Story 3 (2010),4.0,Adventure|Animation|Children|Comedy|Fantasy|IMAX
3,Despicable Me (2010),4.0,Animation|Children|Comedy|Crime
3,Inception (2010),5.0,Action|Crime|Drama|Mystery|Sci-Fi|Thriller|IMAX
3,"Karate Kid, The (2010)",2.0,Action|Children|Drama
3,Salt (2010),4.0,Action|Thriller
3,"Expendables, The (2010)",3.0,Action|Adventure|Thriller
3,Resident Evil: Afterlife (2010),3.0,Action|Horror|Sci-Fi|Thriller|IMAX
3,"Social Network, The (2010)",4.0,Drama
3,Red (2010),4.0,Action|Comedy
3,Due Date (2010),3.0,Comedy
3,Megamind (2010),4.0,Action|Animation|Children|Comedy|Sci-Fi|IMAX
3,Black Swan (2010),5.0,Drama|Thriller
3,Harry Potter and the Deathly Hallows: Part 1 (2010),3.5,Action|Adventure|Fantasy|IMAX
3,"King's Speech, The (2010)",4.0,Drama
3,Skyline (2010),2.0,Sci-Fi|Thriller
3,"Tourist, The (2010)",3.0,Drama|Thriller
3,Tron: Legacy (2010),4.0,Action|Adventure|Sci-Fi|IMAX
3,"Green Hornet, The (2011)",3.0,Action|Comedy|Crime|Fantasy|Thriller|IMAX
3,Cowboys & Aliens (2011),3.5,Action|Sci-Fi|Thriller|Western|IMAX
3,Limitless (2011),4.0,Sci-Fi|Thriller
3,Paul (2011),3.5,Adventure|Comedy|Sci-Fi
3,"Adjustment Bureau, The (2011)",4.0,Romance|Sci-Fi|Thriller
3,"Mechanic, The (2011)",3.0,Action|Drama|Thriller
3,I Am Number Four (2011),3.5,Action|Sci-Fi|Thriller|IMAX
3,Battle: Los Angeles (2011),2.5,Action|Sci-Fi|War
3,Mars Needs Moms (2011),3.0,Action|Adventure|Animation|Children|Comedy|Sci-Fi|IMAX
3,Source Code (2011),4.0,Action|Drama|Mystery|Sci-Fi|Thriller
3,Thor (2011),4.0,Action|Adventure|Drama|Fantasy|IMAX
3,"Fast Five (Fast and the Furious 5, The) (2011)",3.5,Action|Crime|Drama|Thriller|IMAX
3,Pirates of the Caribbean: On Stranger Tides (2011),4.0,Action|Adventure|Fantasy|IMAX
3,"Hangover Part II, The (2011)",3.5,Comedy
3,X-Men: First Class (2011),4.0,Action|Adventure|Sci-Fi|Thriller|War
3,Super 8 (2011),3.5,Mystery|Sci-Fi|Thriller|IMAX
3,Green Lantern (2011),3.0,Action|Adventure|Sci-Fi
3,Transformers: Dark of the Moon (2011),3.0,Action|Adventure|Sci-Fi|War|IMAX
3,Cars 2 (2011),3.5,Adventure|Animation|Children|Comedy|IMAX
3,Harry Potter and the Deathly Hallows: Part 2 (2011),3.5,Action|Adventure|Drama|Fantasy|Mystery|IMAX
3,Captain America: The First Avenger (2011),3.5,Action|Adventure|Sci-Fi|Thriller|War
3,Friends with Benefits (2011),3.0,Comedy|Romance
3,Rise of the Planet of the Apes (2011),4.0,Action|Drama|Sci-Fi|Thriller
3,Moneyball (2011),4.0,Drama
3,"Avengers, The (2012)",4.0,Action|Adventure|Sci-Fi|IMAX
3,Tinker Tailor Soldier Spy (2011),4.0,Drama|Film-Noir|Thriller
3,Real Steel (2011),3.5,Action|Drama|Sci-Fi|IMAX
3,Hugo (2011),3.5,Children|Drama|Mystery
3,The Hunger Games (2012),3.5,Action|Adventure|Drama|Sci-Fi|Thriller
3,"Dark Knight Rises, The (2012)",4.0,Action|Adventure|Crime|IMAX
3,Sherlock Holmes: A Game of Shadows (2011),4.0,Action|Adventure|Comedy|Crime|Mystery|Thriller
3,Mission: Impossible - Ghost Protocol (2011),4.0,Action|Adventure|Thriller|IMAX
3,"Girl with the Dragon Tattoo, The (2011)",4.0,Drama|Thriller
3,Underworld: Awakening (2012),3.5,Action|Fantasy|Horror|IMAX
3,"Grey, The (2012)",3.0,Action|Drama
3,John Carter (2012),4.0,Action|Adventure|Sci-Fi|IMAX
3,Iron Sky (2012),3.5,Action|Comedy|Sci-Fi
3,Battleship (2012),2.5,Action|Sci-Fi|Thriller|IMAX
3,"Dictator, The (2012)",3.5,Comedy
3,Men in Black III (M.III.B.) (M.I.B.³) (2012),3.5,Action|Comedy|Sci-Fi|IMAX
3,Prometheus (2012),4.0,Action|Horror|Sci-Fi|IMAX
3,Ted (2012),3.5,Comedy|Fantasy
3,"Amazing Spider-Man, The (2012)",4.0,Action|Adventure|Sci-Fi|IMAX
3,Total Recall (2012),4.0,Action|Sci-Fi|Thriller
3,Skyfall (2012),3.5,Action|Adventure|Thriller|IMAX
3,Looper (2012),4.0,Action|Crime|Sci-Fi
3,Resident Evil: Retribution (2012),3.0,Action|Horror|Sci-Fi|IMAX
3,Dredd (2012),4.0,Action|Sci-Fi
3,Taken 2 (2012),3.0,Action|Crime|Drama|Thriller
3,Hotel Transylvania (2012),3.5,Animation|Children|Comedy
3,Seven Psychopaths (2012),4.0,Comedy|Crime
3,Silver Linings Playbook (2012),3.5,Comedy|Drama
3,Flight (2012),3.5,Drama
3,"Hobbit: An Unexpected Journey, The (2012)",4.0,Adventure|Fantasy|IMAX
3,Jack Reacher (2012),3.5,Action|Crime|Thriller
3,Django Unchained (2012),4.0,Action|Drama|Western
3,Oblivion (2013),4.0,Action|Adventure|Sci-Fi|IMAX
3,Iron Man 3 (2013),4.0,Action|Sci-Fi|Thriller|IMAX
3,"Great Gatsby, The (2013)",4.0,Drama
3,Star Trek Into Darkness (2013),4.0,Action|Adventure|Sci-Fi|IMAX
3,"Hangover Part III, The (2013)",3.0,Comedy
3,"Fast & Furious 6 (Fast and the Furious 6, The) (2013)",3.5,Action|Crime|Thriller|IMAX
3,After Earth (2013),3.0,Action|Adventure|Sci-Fi|IMAX
3,Now You See Me (2013),3.5,Crime|Mystery|Thriller
3,"Purge, The (2013)",3.0,Crime|Horror|Thriller
3,Monsters University (2013),3.5,Adventure|Animation|Comedy
3,Pacific Rim (2013),3.0,Action|Adventure|Sci-Fi|IMAX
3,World War Z (2013),3.5,Action|Drama|Horror|IMAX
3,Elysium (2013),4.0,Action|Drama|Sci-Fi|IMAX
3,"Lone Ranger, The (2013)",3.5,Action|Adventure|Western|IMAX
3,"Wolverine, The (2013)",3.5,Action|Adventure|Fantasy|Sci-Fi
3,Red 2 (2013),3.5,Action|Comedy|Crime|Thriller
3,Kick-Ass 2 (2013),3.5,Action|Comedy|Crime
3,Riddick (2013),4.5,Action|Sci-Fi|Thriller|IMAX
3,Gravity (2013),4.0,Action|Sci-Fi|IMAX
3,Don Jon (2013),3.0,Comedy|Drama|Romance
3,Ender's Game (2013),4.0,Action|Adventure|Sci-Fi|IMAX
3,Thor: The Dark World (2013),4.0,Action|Adventure|Fantasy|IMAX
3,Dallas Buyers Club (2013),4.0,Drama
3,The Hunger Games: Catching Fire (2013),3.0,Action|Adventure|Sci-Fi|IMAX
3,"Hobbit: The Desolation of Smaug, The (2013)",3.5,Adventure|Fantasy|IMAX
3,"Wolf of Wall Street, The (2013)",4.5,Comedy|Crime|Drama
3,Her (2013),4.0,Drama|Romance|Sci-Fi
3,Anchorman 2: The Legend Continues (2013),3.5,Comedy
3,Snowpiercer (2013),4.0,Action|Drama|Sci-Fi
3,Divergent (2014),3.5,Adventure|Romance|Sci-Fi|IMAX
3,The Lego Movie (2014),4.0,Action|Adventure|Animation|Children|Comedy|Fantasy
3,RoboCop (2014),3.0,Action|Crime|Sci-Fi|IMAX
3,"Grand Budapest Hotel, The (2014)",4.0,Comedy|Drama
3,Interstellar (2014),4.0,Sci-Fi|IMAX
3,Non-Stop (2014),3.0,Action|Mystery|Thriller
3,Captain America: The Winter Soldier (2014),4.0,Action|Adventure|Sci-Fi|IMAX
3,"Machine, The (2013)",3.5,Sci-Fi|Thriller
3,Transcendence (2014),4.0,Drama|Sci-Fi|IMAX
3,Neighbors (2014),2.5,Comedy
3,Lucy (2014),4.0,Action|Sci-Fi
3,X-Men: Days of Future Past (2014),4.0,Action|Adventure|Sci-Fi
3,Chef (2014),3.5,Comedy
3,Maleficent (2014),4.0,Action|Adventure|Children|IMAX
3,Edge of Tomorrow (2014),4.0,Action|Sci-Fi|IMAX
3,22 Jump Street (2014),3.0,Action|Comedy|Crime
3,"Equalizer, The (2014)",3.5,Action|Crime|Thriller
3,Transformers: Age of Extinction (2014),3.0,Action|Adventure|Sci-Fi
3,Whiplash (2014),5.0,Drama
3,Gone Girl (2014),5.0,Drama|Thriller
3,Dawn of the Planet of the Apes (2014),4.0,Sci-Fi
3,Guardians of the Galaxy (2014),4.0,Action|Adventure|Sci-Fi
3,Jupiter Ascending (2015),4.0,Action|Adventure|Sci-Fi
3,"Maze Runner, The (2014)",3.5,Action|Mystery|Sci-Fi
3,Autómata (Automata) (2014),4.0,Sci-Fi|Thriller
3,Predestination (2014),4.0,Action|Mystery|Sci-Fi|Thriller
3,Nightcrawler (2014),4.0,Crime|Drama|Thriller
3,Big Hero 6 (2014),4.0,Action|Animation|Comedy
3,Ex Machina (2015),4.5,Drama|Sci-Fi|Thriller
3,The Imitation Game (2014),4.0,Drama|Thriller|War
3,The Hunger Games: Mockingjay - Part 1 (2014),3.5,Adventure|Sci-Fi|Thriller
3,Wild Tales (2014),4.0,Comedy|Drama|Thriller
3,Jurassic World (2015),3.0,Action|Adventure|Drama|Sci-Fi|Thriller
3,Citizenfour (2014),4.0,Documentary
3,Chappie (2015),3.5,Action|Thriller
3,Mad Max: Fury Road (2015),3.5,Action|Adventure|Sci-Fi|Thriller
3,Star Wars: Episode VII - The Force Awakens (2015),3.0,Action|Adventure|Fantasy|Sci-Fi|IMAX
3,Avengers: Age of Ultron (2015),3.5,Action|Adventure|Sci-Fi
3,Pirates of the Caribbean: Dead Men Tell No Tales (2017),3.5,(no genres listed)
3,Ant-Man (2015),4.0,Action|Adventure|Sci-Fi
3,Black Panther (2017),4.0,Action|Adventure|Sci-Fi
3,Avengers: Infinity War - Part I (2018),3.5,Action|Adventure|Sci-Fi
3,Avengers: Infinity War - Part II (2019),3.5,Action|Adventure|Sci-Fi
3,Guardians of the Galaxy 2 (2017),4.0,Action|Adventure|Sci-Fi
3,Captain America: Civil War (2016),3.5,Action|Sci-Fi|Thriller
3,Doctor Strange (2016),4.0,Action|Adventure|Sci-Fi
3,X-Men: Apocalypse (2016),3.5,Action|Adventure|Fantasy|Sci-Fi
3,Focus (2015),3.0,Comedy|Crime|Drama|Romance
3,Insurgent (2015),3.5,Action|Sci-Fi|Thriller
3,Furious 7 (2015),3.0,Action|Crime|Thriller
3,Tomorrowland (2015),3.0,Action|Adventure|Children|Mystery|Sci-Fi
3,The Martian (2015),4.0,Adventure|Drama|Sci-Fi
3,Inside Out (2015),4.0,Adventure|Animation|Children|Comedy|Drama|Fantasy
3,The Hunger Games: Mockingjay - Part 2 (2015),3.5,Adventure|Sci-Fi
3,Fantastic Beasts and Where to Find Them (2016),3.5,Fantasy
3,Suicide Squad (2016),3.5,Action|Crime|Sci-Fi
3,Star Trek Beyond (2016),3.5,Action|Adventure|Sci-Fi
3,Spectre (2015),3.5,Action|Adventure|Crime
3,Ghost in the Shell 2.0 (2008),5.0,Action|Animation|Sci-Fi
3,Larry David: Curb Your Enthusiasm (1999),4.0,Comedy
3,Batman v Superman: Dawn of Justice (2016),3.5,Action|Adventure|Fantasy|Sci-Fi
3,The Revenant (2015),4.0,Adventure|Drama
3,Sicario (2015),4.0,Crime|Drama|Mystery
3,Ready Player One,3.5,Action|Sci-Fi|Thriller
3,Hardcore Henry (2015),3.5,Action|Adventure|Sci-Fi
3,Bridge of Spies (2015),4.0,Drama|Thriller
3,"Big Short, The (2015)",4.0,Drama
3,Ghost in the Shell: The New Movie (2015),4.0,Animation|Sci-Fi
3,Kung Fu Panda 3 (2016),4.0,Action|Adventure|Animation
3,Death Note Rewrite: Genshisuru Kami (2007),4.0,Mystery
3,The Nice Guys (2016),3.0,Crime|Mystery|Thriller
3,Captain Fantastic (2016),3.5,Drama
3,Now You See Me 2 (2016),3.5,Action|Comedy|Thriller
3,Arrival (2016),4.0,Sci-Fi
3,Rogue One: A Star Wars Story (2016),4.0,Action|Adventure|Fantasy|Sci-Fi
3,Passengers (2016),3.5,Adventure|Drama|Romance|Sci-Fi
3,Logan (2017),4.0,Action|Sci-Fi
3,Ghost in the Shell (2017),4.0,Action|Drama|Sci-Fi
3,Baby Driver (2017),3.5,Action|Crime|Thriller
3,The Dark Tower (2017),3.5,Fantasy|Horror|Sci-Fi|Western
3,Kingsman: The Golden Circle (2017),3.5,Action|Adventure|Comedy
3,Blade Runner 2049 (2017),4.5,Sci-Fi
3,Star Wars: The Last Jedi (2017),3.5,Action|Adventure|Fantasy|Sci-Fi
3,Bright (2017),3.0,Action|Crime|Fantasy
3,Incredibles 2 (2018),3.5,Action|Adventure|Animation|Children
3,Deadpool 2 (2018),4.5,Action|Comedy|Sci-Fi
4,Toy Story (1995),3.0,Adventure|Animation|Children|Comedy|Fantasy
4,Star Wars: Episode IV - A New Hope (1977),3.5,Action|Adventure|Sci-Fi
4,Pulp Fiction (1994),4.0,Comedy|Crime|Drama|Thriller
4,Blade Runner (1982),4.5,Action|Sci-Fi|Thriller
4,Terminator 2: Judgment Day (1991),4.0,Action|Sci-Fi
4,Independence Day (a.k.a. ID4) (1996),2.0,Action|Adventure|Sci-Fi|Thriller
4,2001: A Space Odyssey (1968),4.0,Adventure|Drama|Sci-Fi
4,Die Hard (1988),4.0,Action|Crime|Thriller
4,Monty Python's Life of Brian (1979),3.5,Comedy
4,Monty Python and the Holy Grail (1975),4.5,Adventure|Comedy|Fantasy
4,Star Wars: Episode V - The Empire Strikes Back (1980),4.0,Action|Adventure|Sci-Fi
4,"Princess Bride, The (1987)",4.5,Action|Adventure|Comedy|Fantasy|Romance
4,Raiders of the Lost Ark (Indiana Jones and the Raiders of the Lost Ark) (1981),4.0,Action|Adventure
4,Aliens (1986),3.5,Action|Adventure|Horror|Sci-Fi
4,"Good, the Bad and the Ugly, The (Buono, il brutto, il cattivo, Il) (1966)",3.5,Action|Adventure|Western
4,Star Wars: Episode VI - Return of the Jedi (1983),3.0,Action|Adventure|Sci-Fi
4,Alien (1979),2.5,Horror|Sci-Fi
4,"Blues Brothers, The (1980)",4.0,Action|Comedy|Musical
4,Groundhog Day (1993),4.0,Comedy|Fantasy|Romance
4,Back to the Future (1985),2.5,Adventure|Comedy|Sci-Fi
4,Young Frankenstein (1974),4.0,Comedy|Fantasy
4,This Is Spinal Tap (1984),3.5,Comedy
4,Indiana Jones and the Last Crusade (1989),4.0,Action|Adventure
4,"Fifth Element, The (1997)",3.5,Action|Adventure|Comedy|Sci-Fi
4,Men in Black (a.k.a. MIB) (1997),4.5,Action|Comedy|Sci-Fi
4,"Hunt for Red October, The (1990)",3.5,Action|Adventure|Thriller
4,"Big Lebowski, The (1998)",4.5,Comedy|Crime
4,Mulan (1998),4.0,Adventure|Animation|Children|Comedy|Drama|Musical|Romance
4,Seven Samurai (Shichinin no samurai) (1954),4.0,Action|Adventure|Drama
4,Saving Private Ryan (1998),4.5,Action|Drama|War
4,Indiana Jones and the Temple of Doom (1984),3.0,Action|Adventure|Fantasy
4,"Matrix, The (1999)",4.5,Action|Sci-Fi|Thriller
4,Ghostbusters (a.k.a. Ghost Busters) (1984),4.0,Action|Comedy|Sci-Fi
4,Airplane! (1980),4.0,Comedy
4,Ferris Bueller's Day Off (1986),3.5,Comedy
4,"Fistful of Dollars, A (Per un pugno di dollari) (1964)",3.5,Action|Western
4,RoboCop (1987),4.0,Action|Crime|Drama|Sci-Fi|Thriller
4,Thunderball (1965),3.5,Action|Adventure|Thriller
4,Spaceballs (1987),3.0,Comedy|Sci-Fi
4,Trading Places (1983),3.5,Comedy
4,Toy Story 2 (1999),3.0,Adventure|Animation|Children|Comedy|Fantasy
4,Galaxy Quest (1999),4.0,Adventure|Comedy|Sci-Fi
4,Shanghai Noon (2000),2.5,Action|Adventure|Comedy|Western
4,Blazing Saddles (1974),4.0,Comedy|Western
4,For a Few Dollars More (Per qualche dollaro in più) (1965),3.5,Action|Drama|Thriller|Western
4,Chicken Run (2000),3.5,Animation|Children|Comedy
4,X-Men (2000),1.5,Action|Adventure|Sci-Fi
4,Space Cowboys (2000),3.0,Action|Adventure|Comedy|Sci-Fi
4,Moulin Rouge (2001),3.5,Drama|Musical|Romance
4,Paint Your Wagon (1969),2.0,Comedy|Musical|Western
4,Zoolander (2001),4.0,Comedy
4,"Monsters, Inc. (2001)",3.5,Adventure|Animation|Children|Comedy|Fantasy
4,Ocean's Eleven (2001),4.5,Crime|Thriller
4,Not Another Teen Movie (2001),4.0,Comedy
4,"Lord of the Rings: The Fellowship of the Ring, The (2001)",4.5,Adventure|Fantasy
4,Super Troopers (2001),4.5,Comedy|Crime|Mystery
4,Resident Evil (2002),2.0,Action|Horror|Sci-Fi|Thriller
4,My Big Fat Greek Wedding (2002),2.5,Comedy|Romance
4,"Bourne Identity, The (2002)",3.5,Action|Mystery|Thriller
4,Lilo & Stitch (2002),4.0,Adventure|Animation|Children|Sci-Fi
4,Spirited Away (Sen to Chihiro no kamikakushi) (2001),5.0,Adventure|Animation|Fantasy
4,Equilibrium (2002),4.0,Action|Sci-Fi|Thriller
4,"Lord of the Rings: The Two Towers, The (2002)",4.5,Adventure|Fantasy
4,Shanghai Knights (2003),3.0,Action|Adventure|Comedy
4,Finding Nemo (2003),3.0,Adventure|Animation|Children|Comedy
4,Pirates of the Caribbean: The Curse of the Black Pearl (2003),4.0,Action|Adventure|Comedy|Fantasy
4,Johnny English (2003),3.5,Action|Comedy|Thriller
4,School of Rock (2003),4.0,Comedy|Musical
4,Kill Bill: Vol. 1 (2003),4.5,Action|Crime|Thriller
4,Master and Commander: The Far Side of the World (2003),4.0,Adventure|Drama|War
4,"Last Samurai, The (2003)",3.5,Action|Adventure|Drama|War
4,"Lord of the Rings: The Return of the King, The (2003)",4.0,Action|Adventure|Drama|Fantasy
4,Hidalgo (2004),3.0,Adventure|Drama
4,Hellboy (2004),4.0,Action|Adventure|Fantasy|Horror
4,Kill Bill: Vol. 2 (2004),3.5,Action|Drama|Thriller
4,Mean Girls (2004),4.0,Comedy
4,You Only Live Twice (1967),3.5,Action|Adventure|Sci-Fi|Thriller
4,Anchorman: The Legend of Ron Burgundy (2004),4.0,Comedy
4,"Bourne Supremacy, The (2004)",3.5,Action|Crime|Thriller
4,Shaun of the Dead (2004),4.0,Comedy|Horror
4,Primer (2004),4.0,Drama|Sci-Fi
4,"Incredibles, The (2004)",5.0,Action|Adventure|Animation|Children|Comedy
4,Batman Begins (2005),3.5,Action|Crime|IMAX
4,War of the Worlds (2005),2.5,Action|Adventure|Sci-Fi|Thriller
4,Serenity (2005),3.5,Action|Adventure|Sci-Fi
4,Wallace & Gromit in The Curse of the Were-Rabbit (2005),3.5,Adventure|Animation|Children|Comedy
4,V for Vendetta (2006),2.5,Action|Sci-Fi|Thriller|IMAX
4,She's the Man (2006),3.0,Comedy|Romance
4,Lucky Number Slevin (2006),5.0,Crime|Drama|Mystery
4,Over the Hedge (2006),2.0,Adventure|Animation|Children|Comedy
